Date,Open,High,Low,Close,Adj Close,Volume
1/2/2013,11.58,11.67,11.36,11.66,11.66,733200
1/3/2013,11.61,11.93,11.57,11.93,11.93,573700
1/4/2013,11.96,12.17,11.9,12.03,12.03,716700
1/7/2013,12.2,12.2,11.89,12.01,12.01,541000
1/8/2013,12,12.05,11.67,11.74,11.74,660100
1/9/2013,11.74,12.64,11.68,12.61,12.61,1971600
1/10/2013,12.96,13.15,12.9,13.01,13.01,1895600
1/11/2013,13.05,13.05,12.61,12.72,12.72,949600
1/14/2013,12.74,12.8,12.5,12.67,12.67,757400
1/15/2013,12.64,12.68,12.5,12.61,12.61,550400
1/16/2013,12.65,12.65,11.97,12.05,12.05,1412600
1/17/2013,12.07,12.24,11.85,12,12,596200
1/18/2013,12.05,12.18,11.95,12.05,12.05,496000
1/22/2013,12.01,12.05,11.55,11.6,11.6,1056300
1/23/2013,11.63,11.74,11.42,11.44,11.44,783100
1/24/2013,11.49,11.72,11.49,11.54,11.54,503200
1/25/2013,11.62,11.9,11.54,11.8,11.8,640000
1/28/2013,11.82,12,11.59,11.64,11.64,601800
1/29/2013,11.58,12.57,11.52,12.14,12.14,2905500
1/30/2013,12.24,12.38,11.78,11.93,11.93,821600
1/31/2013,12.12,13,12.04,12.61,12.61,2033100
2/1/2013,12.55,12.63,12.31,12.5,12.5,943600
2/4/2013,12.41,12.41,12.15,12.21,12.21,676100
2/5/2013,12.3,12.44,12.17,12.33,12.33,458000
2/6/2013,12.31,12.46,12.2,12.24,12.24,424600
2/7/2013,12.2,12.5,12.02,12.39,12.39,931900
2/8/2013,12.45,12.59,12.3,12.37,12.37,342200
2/11/2013,12.34,12.44,12.16,12.2,12.2,313300
2/12/2013,12.2,12.33,12.1,12.27,12.27,298200
2/13/2013,12.32,12.38,12.13,12.28,12.28,358500
2/14/2013,12.21,12.3,12.15,12.17,12.17,374900
2/15/2013,12.28,12.35,11.46,11.63,11.63,1291700
2/19/2013,11.51,11.6,11.21,11.58,11.58,1234200
2/20/2013,11.55,11.92,11.51,11.83,11.83,917900
2/21/2013,11.9,11.91,11,11.33,11.33,1734600
2/22/2013,11.47,11.5,11.15,11.24,11.24,845200
2/25/2013,11.35,11.57,11.22,11.24,11.24,557100
2/26/2013,11.26,11.34,11.1,11.25,11.25,663400
2/27/2013,11.2,11.55,11.2,11.39,11.39,482900
2/28/2013,11.4,11.55,11.32,11.4,11.4,496800
3/1/2013,11.32,11.49,11.25,11.44,11.44,509300
3/4/2013,11.44,11.5,11.29,11.49,11.49,481900
3/5/2013,11.52,11.64,11.34,11.54,11.54,514800
3/6/2013,11.57,11.67,11.29,11.42,11.42,681200
3/7/2013,11.28,11.64,11.28,11.6,11.6,490700
3/8/2013,11.69,11.89,11.67,11.79,11.79,692300
3/11/2013,11.74,11.97,11.63,11.96,11.96,553700
3/12/2013,11.93,12.47,11.8,12.43,12.43,2391700
3/13/2013,7.81,8.26,7.72,7.79,7.79,22555500
3/14/2013,7.97,7.98,7.79,7.81,7.81,3956300
3/15/2013,7.86,7.86,7.62,7.76,7.76,2649000
3/18/2013,7.65,7.74,7.57,7.62,7.62,1598200
3/19/2013,7.55,7.6,7.24,7.25,7.25,3152800
3/20/2013,7.25,7.28,6.93,7.01,7.01,3745300
3/21/2013,6.94,7.12,6.92,7.06,7.06,2195100
3/22/2013,7.06,7.15,6.99,7.06,7.06,1249400
3/25/2013,7.14,7.35,7.08,7.27,7.27,1715000
3/26/2013,7.33,7.53,7.23,7.51,7.51,1289200
3/27/2013,7.5,7.52,7.26,7.46,7.46,1222900
3/28/2013,7.52,7.77,7.39,7.46,7.46,1634100
4/1/2013,7.48,7.68,7.25,7.29,7.29,947500
4/2/2013,7.35,7.45,7.18,7.21,7.21,1235800
4/3/2013,7.28,7.38,6.97,7.02,7.02,1371200
4/4/2013,7.04,7.12,6.99,7.06,7.06,1040100
4/5/2013,6.99,7.22,6.99,7.17,7.17,592900
4/8/2013,7.17,7.17,6.99,7.07,7.07,635200
4/9/2013,7.08,7.21,7.07,7.08,7.08,618000
4/10/2013,7.08,7.2,7.05,7.17,7.17,1154700
4/11/2013,7.15,7.44,7.13,7.31,7.31,1019300
4/12/2013,7.25,7.29,7.17,7.27,7.27,395900
4/15/2013,7.24,7.26,6.99,7.01,7.01,1292700
4/16/2013,7.06,7.17,7.04,7.08,7.08,647500
4/17/2013,7.02,7.16,6.99,7.1,7.1,859300
4/18/2013,7.1,7.17,6.95,7,7,867400
4/19/2013,6.96,7.19,6.96,7.16,7.16,733300
4/22/2013,7.14,7.19,7.01,7.15,7.15,596900
4/23/2013,7.19,7.3,7.03,7.14,7.14,1353200
4/24/2013,7.11,7.2,7.03,7.17,7.17,904500
4/25/2013,7.18,7.55,7.18,7.54,7.54,1354800
4/26/2013,7.49,7.5,7.3,7.45,7.45,528600
4/29/2013,7.5,7.59,7.31,7.37,7.37,783700
4/30/2013,7.39,7.49,7.28,7.41,7.41,580600
5/1/2013,7.36,7.47,7.1,7.1,7.1,930400
5/2/2013,7.12,7.26,7.09,7.16,7.16,1054700
5/3/2013,7.23,7.39,7.11,7.23,7.23,641900
5/6/2013,7.25,7.47,7.21,7.47,7.47,961400
5/7/2013,7.45,7.54,7.35,7.53,7.53,840800
5/8/2013,7.53,7.56,7.44,7.53,7.53,902500
5/9/2013,7.58,7.65,7.36,7.4,7.4,1052700
5/10/2013,7.41,7.72,7.41,7.6,7.6,1323000
5/13/2013,7.51,7.86,7.4,7.86,7.86,1021400
5/14/2013,7.86,8.11,7.85,8.06,8.06,1883000
5/15/2013,8.03,8.11,7.96,7.97,7.97,620900
5/16/2013,8.18,8.21,7.85,8.08,8.08,917800
5/17/2013,8.09,8.18,8.03,8.14,8.14,711100
5/20/2013,8.1,8.16,8.01,8.05,8.05,675400
5/21/2013,8.07,8.16,8.03,8.13,8.13,664200
5/22/2013,8.12,8.81,8.07,8.43,8.43,2442500
5/23/2013,8.35,8.6,8.27,8.55,8.55,774300
5/24/2013,8.52,8.58,8.29,8.33,8.33,582000
5/28/2013,8.42,8.6,8.31,8.48,8.48,1052000
5/29/2013,8.57,8.6,8.14,8.22,8.22,878300
5/30/2013,8.21,8.42,8.2,8.28,8.28,491200
5/31/2013,8.22,8.38,8.16,8.21,8.21,572400
6/3/2013,8.38,8.49,8,8.28,8.28,1154700
6/4/2013,8.3,8.45,8.08,8.19,8.19,1623100
6/5/2013,8.16,8.21,7.7,7.73,7.73,1458200
6/6/2013,7.72,7.89,7.58,7.76,7.76,706900
6/7/2013,7.79,8.19,7.79,8.11,8.11,852700
6/10/2013,8.14,8.14,7.95,8.04,8.04,696700
6/11/2013,7.97,8.33,7.87,8.24,8.24,778300
6/12/2013,8.3,8.42,8,8,8,466700
6/13/2013,8.03,8.29,7.91,8.24,8.24,445600
6/14/2013,8.2,8.28,8.05,8.15,8.15,484000
6/17/2013,8.24,8.3,8.05,8.27,8.27,687900
6/18/2013,8.25,8.35,8.14,8.28,8.28,547000
6/19/2013,8.25,8.3,8.17,8.17,8.17,555200
6/20/2013,8.06,8.23,7.64,7.73,7.73,1026400
6/21/2013,7.79,8.16,7.65,8.01,8.01,2960900
6/24/2013,7.6,7.9,7.2,7.9,7.9,2030800
6/25/2013,7.92,7.92,7.47,7.47,7.47,807500
6/26/2013,7.49,7.53,7.31,7.4,7.4,747600
6/27/2013,7.41,7.69,7.41,7.49,7.49,599900
6/28/2013,7.42,7.56,7.35,7.46,7.46,2711800
7/1/2013,7.56,8.02,7.56,7.84,7.84,943600
7/2/2013,7.8,8,7.8,7.82,7.82,701600
7/3/2013,7.75,8,7.75,7.84,7.84,253500
7/5/2013,7.95,7.99,7.81,7.88,7.88,388200
7/8/2013,7.9,8.11,7.88,8,8,549200
7/9/2013,8.03,8.07,7.91,7.98,7.98,457600
7/10/2013,7.98,8.1,7.9,8.09,8.09,355900
7/11/2013,8.19,8.24,7.98,8.18,8.18,677100
7/12/2013,8.19,8.51,8.15,8.46,8.46,807300
7/15/2013,8.64,8.8,8.55,8.7,8.7,961700
7/16/2013,9.06,9.21,8.35,8.89,8.89,2862200
7/17/2013,8.84,8.95,8.65,8.77,8.77,835300
7/18/2013,8.76,8.84,8.47,8.51,8.51,1099500
7/19/2013,8.5,8.59,8.4,8.54,8.54,721100
7/22/2013,8.59,8.72,8.49,8.54,8.54,655200
7/23/2013,8.59,8.62,8.45,8.5,8.5,506600
7/24/2013,8.51,8.62,8.23,8.27,8.27,692200
7/25/2013,8.25,8.39,8.1,8.39,8.39,885400
7/26/2013,8.35,8.5,8.26,8.39,8.39,439700
7/29/2013,8.38,8.45,8.18,8.37,8.37,408200
7/30/2013,8.37,8.39,8.18,8.28,8.28,457300
7/31/2013,8.34,8.54,8.27,8.44,8.44,926500
8/1/2013,8.49,8.53,8.31,8.36,8.36,600300
8/2/2013,8.36,8.48,8.28,8.46,8.46,409900
8/5/2013,8.45,8.53,8.32,8.39,8.39,593900
8/6/2013,8.35,8.44,8.22,8.33,8.33,586400
8/7/2013,8.32,8.33,8.12,8.22,8.22,1182500
8/8/2013,8.19,8.46,7.71,7.79,7.79,2443700
8/9/2013,7.75,7.82,7.6,7.78,7.78,944200
8/12/2013,7.72,7.74,7.61,7.7,7.7,796900
8/13/2013,7.69,7.69,7.53,7.59,7.59,904900
8/14/2013,7.54,7.8,7.54,7.75,7.75,820700
8/15/2013,7.64,7.73,7.55,7.62,7.62,958600
8/16/2013,7.57,7.58,7.3,7.45,7.45,1532000
8/19/2013,7.4,7.63,7.35,7.4,7.4,1224800
8/20/2013,7.39,7.58,7.33,7.56,7.56,706100
8/21/2013,7.5,7.69,7.49,7.62,7.62,540200
8/22/2013,7.63,7.84,7.6,7.84,7.84,494000
8/23/2013,7.84,8.08,7.8,8.07,8.07,737800
8/26/2013,8.07,8.14,7.93,8.09,8.09,655800
8/27/2013,8.01,8.04,7.84,7.96,7.96,1048200
8/28/2013,7.93,7.93,7.67,7.76,7.76,925900
8/29/2013,7.73,7.8,7.52,7.76,7.76,916500
8/30/2013,7.73,7.76,7.61,7.66,7.66,904800
9/3/2013,7.62,7.73,7.24,7.29,7.29,2512300
9/4/2013,7.29,7.46,7.16,7.38,7.38,4835000
9/5/2013,7.42,8.12,7.42,8.1,8.1,2117700
9/6/2013,8.11,8.18,7.86,7.9,7.9,1034800
9/9/2013,7.9,8.16,7.82,8.15,8.15,627100
9/10/2013,8.16,8.32,8.09,8.22,8.22,1074200
9/11/2013,8.17,8.2,7.83,7.93,7.93,890600
9/12/2013,7.95,8,7.85,7.91,7.91,359300
9/13/2013,7.94,8.1,7.88,8.02,8.02,368600
9/16/2013,8.1,8.17,8.01,8.04,8.04,509400
9/17/2013,8.05,8.43,8.04,8.42,8.42,898500
9/18/2013,8.42,8.6,8.3,8.57,8.57,894800
9/19/2013,8.57,8.59,8.37,8.47,8.47,513100
9/20/2013,8.46,8.55,8.33,8.46,8.46,1918900
9/23/2013,8.43,8.48,8.29,8.3,8.3,693800
9/24/2013,8.28,8.39,8.21,8.22,8.22,436200
9/25/2013,8.2,8.26,8.11,8.13,8.13,678400
9/26/2013,8.14,8.33,8.11,8.29,8.29,297300
9/27/2013,8.21,8.25,8.11,8.15,8.15,418800
9/30/2013,8.06,8.47,8.01,8.38,8.38,807800
10/1/2013,8.4,8.47,8.26,8.39,8.39,422200
10/2/2013,8.37,8.59,8.23,8.27,8.27,898500
10/3/2013,8.25,8.36,8.2,8.29,8.29,536000
10/4/2013,8.33,8.51,8.24,8.49,8.49,748600
10/7/2013,8.73,8.91,8.53,8.66,8.66,1220900
10/8/2013,8.7,8.8,8.48,8.5,8.5,899200
10/9/2013,8.49,8.49,8.09,8.11,8.11,1920300
10/10/2013,8.22,8.55,8.2,8.55,8.55,449400
10/11/2013,8.54,8.7,8.46,8.64,8.64,545100
10/14/2013,8.61,8.66,8.4,8.65,8.65,422700
10/15/2013,8.61,8.67,8.39,8.5,8.5,419000
10/16/2013,8.55,8.63,8.5,8.53,8.53,391200
10/17/2013,8.5,8.6,8.45,8.55,8.55,450800
10/18/2013,8.62,8.65,8.35,8.49,8.49,473900
10/21/2013,8.48,8.56,8.24,8.28,8.28,408800
10/22/2013,8.29,8.4,8.26,8.35,8.35,326000
10/23/2013,8.28,8.59,8.28,8.57,8.57,316000
10/24/2013,8.59,8.76,8.46,8.74,8.74,514600
10/25/2013,8.75,8.75,8.54,8.6,8.6,439100
10/28/2013,8.59,8.66,8.47,8.62,8.62,436000
10/29/2013,8.62,8.76,8.4,8.7,8.7,555000
10/30/2013,8.7,8.7,8.41,8.53,8.53,811400
10/31/2013,8.51,8.62,8.44,8.6,8.6,717300
11/1/2013,8.58,8.73,8.49,8.69,8.69,763800
11/4/2013,8.7,9.25,8.67,9.21,9.21,1407900
11/5/2013,9.09,9.5,9.09,9.46,9.46,1024100
11/6/2013,9.54,9.54,9.14,9.29,9.29,754500
11/7/2013,9.33,9.43,9.11,9.15,9.15,551000
11/8/2013,9.1,9.54,9.05,9.42,9.42,991000
11/11/2013,9.43,9.5,9.24,9.41,9.41,728900
11/12/2013,9.35,9.55,9.29,9.41,9.41,631200
11/13/2013,9.1,9.56,8.95,9.3,9.3,1636200
11/14/2013,9.23,9.4,9.15,9.37,9.37,633100
11/15/2013,9.35,9.83,9.17,9.82,9.82,770900
11/18/2013,9.85,9.94,9.6,9.62,9.62,661900
11/19/2013,9.6,9.69,9.45,9.45,9.45,540100
11/20/2013,9.46,9.53,9.3,9.35,9.35,499400
11/21/2013,9.34,9.5,9.31,9.36,9.36,479100
11/22/2013,9.4,9.64,9.36,9.5,9.5,465700
11/25/2013,9.49,9.62,9.42,9.52,9.52,421500
11/26/2013,9.56,9.72,9.42,9.44,9.44,539900
11/27/2013,9.47,9.63,9.37,9.59,9.59,294900
11/29/2013,9.64,9.75,9.54,9.63,9.63,143200
12/2/2013,9.62,9.75,9.52,9.62,9.62,534500
12/3/2013,9.59,9.8,9.49,9.58,9.58,514500
12/4/2013,9.54,9.57,9.4,9.44,9.44,362600
12/5/2013,9.41,9.5,9.3,9.36,9.36,428800
12/6/2013,9.42,9.49,9.3,9.44,9.44,415700
12/9/2013,9.48,9.49,9.36,9.41,9.41,314800
12/10/2013,9.45,9.58,9.31,9.39,9.39,2860800
12/11/2013,9.75,9.95,9.25,9.29,9.29,932000
12/12/2013,9.26,9.38,9.08,9.18,9.18,554900
12/13/2013,9.18,9.28,9.01,9.12,9.12,501900
12/16/2013,9.13,9.29,9.01,9.06,9.06,458800
12/17/2013,8.72,8.75,8.15,8.26,8.26,3111600
12/18/2013,8.23,8.25,8.15,8.24,8.24,5655600
12/19/2013,8.22,8.32,8.2,8.27,8.27,1694200
12/20/2013,8.25,8.45,8.15,8.42,8.42,3482200
12/23/2013,8.48,8.57,8.25,8.33,8.33,1173400
12/24/2013,8.31,8.51,8.31,8.45,8.45,456800
12/26/2013,8.46,8.61,8.46,8.61,8.61,908200
12/27/2013,8.66,8.9,8.63,8.82,8.82,538000
12/30/2013,8.86,8.95,8.78,8.88,8.88,820200
12/31/2013,8.83,8.95,8.8,8.85,8.85,617700
1/2/2014,8.84,8.91,8.55,8.79,8.79,1143500
1/3/2014,8.79,8.89,8.47,8.48,8.48,743300
1/6/2014,8.5,8.59,8.28,8.34,8.34,1039400
1/7/2014,8.35,8.45,8.2,8.44,8.44,1357200
1/8/2014,8.47,8.64,8.39,8.48,8.48,725900
1/9/2014,8.54,8.6,8.45,8.54,8.54,727400
1/10/2014,8.56,8.79,8.5,8.78,8.78,1077400
1/13/2014,8.8,8.94,8.74,8.9,8.9,2058300
1/14/2014,8.9,9.04,8.9,9,9,1027300
1/15/2014,9.02,9.37,8.87,9.26,9.26,1339700
1/16/2014,9.29,9.86,9.18,9.82,9.82,1805200
1/17/2014,9.86,9.91,9.76,9.88,9.88,792200
1/21/2014,9.9,10.25,9.8,10.16,10.16,1467600
1/22/2014,10.13,10.25,10.03,10.14,10.14,744000
1/23/2014,10.14,10.32,10.09,10.24,10.24,1012600
1/24/2014,10.14,10.16,9.55,9.56,9.56,1112200
1/27/2014,9.55,9.57,8.53,8.82,8.82,1141200
1/28/2014,8.83,8.93,8.59,8.74,8.74,608900
1/29/2014,8.69,8.88,8.45,8.53,8.53,1029400
1/30/2014,8.63,8.81,8.46,8.61,8.61,487700
1/31/2014,8.47,8.65,8.33,8.41,8.41,712100
2/3/2014,8.39,8.42,8.09,8.14,8.14,751700
2/4/2014,8.19,8.36,8,8.05,8.05,662800
2/5/2014,8.01,8.12,7.78,7.79,7.79,544100
2/6/2014,8.38,8.39,7.92,7.97,7.97,933200
2/7/2014,8,8.25,7.97,8.19,8.19,962000
2/10/2014,8.21,8.24,8.08,8.19,8.19,427900
2/11/2014,8.16,8.3,8.12,8.14,8.14,1365200
2/12/2014,8.11,8.21,8,8.09,8.09,452300
2/13/2014,8.03,8.27,8.03,8.25,8.25,312900
2/14/2014,8.21,8.4,8.12,8.14,8.14,385800
2/18/2014,8.19,8.57,8.19,8.54,8.54,456800
2/19/2014,8.55,8.72,8.45,8.47,8.47,504800
2/20/2014,8.51,8.72,8.45,8.68,8.68,317200
2/21/2014,8.74,8.75,8.57,8.64,8.64,763800
2/24/2014,8.68,8.84,8.55,8.75,8.75,487300
2/25/2014,8.75,8.79,8.57,8.62,8.62,529100
2/26/2014,8.65,8.78,8.58,8.68,8.68,414500
2/27/2014,8.65,8.92,8.55,8.85,8.85,333900
2/28/2014,8.81,8.99,8.26,8.35,8.35,812300
3/3/2014,8.24,8.37,8.01,8.33,8.33,678200
3/4/2014,8.45,8.66,8.35,8.42,8.42,1018600
3/5/2014,8.42,8.48,8.3,8.36,8.36,381600
3/6/2014,8.46,8.46,8.16,8.17,8.17,1473000
3/7/2014,8.05,8.22,7.65,7.87,7.87,2109200
3/10/2014,7.83,7.96,7.66,7.91,7.91,794500
3/11/2014,7.92,8.09,7.9,8.04,8.04,901700
3/12/2014,8,8.13,7.97,8.12,8.12,721900
3/13/2014,8.12,8.2,7.94,8.02,8.02,908200
3/14/2014,8,8.08,7.91,7.99,7.99,607600
3/17/2014,8.03,8.15,7.77,7.78,7.78,1644700
3/18/2014,7.79,8.15,7.79,8.15,8.15,567100
3/19/2014,8.12,8.2,7.99,8.08,8.08,418700
3/20/2014,8.07,8.1,7.97,8,8,425900
3/21/2014,8.07,8.14,7.71,7.74,7.74,3679700
3/24/2014,7.8,7.84,7.45,7.78,7.78,945000
3/25/2014,7.85,7.91,7.56,7.72,7.72,870900
3/26/2014,7.81,7.95,7.75,7.9,7.9,1200300
3/27/2014,7.9,7.97,7.67,7.8,7.8,751500
3/28/2014,7.78,7.89,7.69,7.77,7.77,679100
3/31/2014,7.8,7.95,7.72,7.84,7.84,890500
4/1/2014,7.88,8.1,7.83,7.93,7.93,1221900
4/2/2014,7.95,8.02,7.8,7.81,7.81,477100
4/3/2014,7.81,7.84,7.45,7.62,7.62,999800
4/4/2014,7.7,7.74,6.96,7.2,7.2,1846900
4/7/2014,7.18,7.51,7.06,7.27,7.27,868800
4/8/2014,7.3,7.5,7.06,7.32,7.32,968600
4/9/2014,7.32,7.75,7.32,7.71,7.71,776200
4/10/2014,7.71,7.71,7.07,7.16,7.16,1358300
4/11/2014,7.08,7.3,6.79,6.79,6.79,1231300
4/14/2014,6.88,6.98,6.53,6.77,6.77,680000
4/15/2014,6.77,6.93,6.36,6.7,6.7,943700
4/16/2014,6.75,6.95,6.7,6.88,6.88,449700
4/17/2014,6.86,6.97,6.73,6.74,6.74,363900
4/21/2014,6.75,6.77,6.57,6.69,6.69,975900
4/22/2014,6.69,7.02,6.68,6.9,6.9,881200
4/23/2014,7.25,7.56,6.95,7.18,7.18,3079800
4/24/2014,7.2,7.38,6.96,7.22,7.22,891000
4/25/2014,7.17,7.22,6.75,6.77,6.77,1056100
4/28/2014,6.81,6.91,6.49,6.72,6.72,756700
4/29/2014,6.78,6.97,6.72,6.91,6.91,691800
4/30/2014,6.86,6.91,6.72,6.87,6.87,558800
5/1/2014,6.84,7.01,6.68,6.95,6.95,783800
5/2/2014,6.98,7,6.84,6.89,6.89,415200
5/5/2014,6.85,7.26,6.82,7.11,7.11,510800
5/6/2014,7.11,7.17,6.99,7.02,7.02,517100
5/7/2014,7.02,7.11,6.77,6.95,6.95,720900
5/8/2014,6.94,7.02,6.52,6.65,6.65,685300
5/9/2014,6.69,7.33,6.5,7.3,7.3,1452100
5/12/2014,7.33,7.64,7.32,7.59,7.59,1141800
5/13/2014,7.57,7.72,7.46,7.47,7.47,714200
5/14/2014,7.48,7.97,7.33,7.62,7.62,1359600
5/15/2014,7.59,7.81,7.28,7.75,7.75,1136100
5/16/2014,7.8,7.88,7.41,7.51,7.51,859700
5/19/2014,7.52,7.68,7.47,7.67,7.67,554000
5/20/2014,7.67,7.75,7.44,7.51,7.51,879600
5/21/2014,7.55,7.68,7.41,7.55,7.55,527700
5/22/2014,7.59,7.65,7.45,7.46,7.46,426000
5/23/2014,7.5,7.5,7.36,7.41,7.41,371800
5/27/2014,7.59,7.94,7.59,7.92,7.92,849500
5/28/2014,7.94,8.08,7.74,7.81,7.81,619300
5/29/2014,7.89,8,7.78,7.85,7.85,354800
5/30/2014,7.88,7.95,7.7,7.79,7.79,604700
6/2/2014,7.85,8.04,7.55,7.73,7.73,684400
6/3/2014,7.69,7.91,7.62,7.89,7.89,426800
6/4/2014,7.85,7.91,7.69,7.84,7.84,314200
6/5/2014,7.83,8.07,7.78,8,8,747000
6/6/2014,8.07,8.09,7.9,8,8,517400
6/9/2014,8.04,8.53,7.97,8.51,8.51,1311100
6/10/2014,8.5,8.71,8.44,8.65,8.65,794400
6/11/2014,8.58,8.88,8.52,8.57,8.57,762600
6/12/2014,8.59,8.73,8.38,8.42,8.42,422800
6/13/2014,8.44,8.61,8.32,8.55,8.55,367900
6/16/2014,8.51,8.68,8.38,8.68,8.68,536300
6/17/2014,8.64,8.78,8.5,8.63,8.63,513900
6/18/2014,8.61,8.64,8.23,8.44,8.44,1367600
6/19/2014,8.49,8.49,8.26,8.29,8.29,760100
6/20/2014,8.33,8.33,8.03,8.15,8.15,3661700
6/23/2014,8.3,8.47,8.23,8.25,8.25,1233400
6/24/2014,8.27,8.34,8.19,8.2,8.2,709600
6/25/2014,8.17,8.28,7.98,8.18,8.18,1012800
6/26/2014,8.22,8.22,7.91,7.94,7.94,1194900
6/27/2014,7.92,8.02,7.8,8.01,8.01,1466800
6/30/2014,8,8.3,7.99,8.13,8.13,1024300
7/1/2014,8.21,8.47,8.15,8.46,8.46,1045300
7/2/2014,8.47,8.78,8.45,8.72,8.72,1387600
7/3/2014,8.75,9.27,8.65,8.9,8.9,3068700
7/7/2014,9.04,9.19,8.58,8.63,8.63,3185800
7/8/2014,8.61,8.62,8.24,8.26,8.26,2179000
7/9/2014,8.32,8.4,8.11,8.38,8.38,1369300
7/10/2014,8.07,8.14,7.88,7.9,7.9,1315700
7/11/2014,7.9,7.97,7.75,7.91,7.91,1485700
7/14/2014,7.99,7.99,7.73,7.76,7.76,734000
7/15/2014,7.85,7.88,7.35,7.41,7.41,1758500
7/16/2014,7.47,7.57,7.27,7.33,7.33,1201000
7/17/2014,7.26,7.38,6.97,7.03,7.03,1057000
7/18/2014,7.02,7.3,7.01,7.21,7.21,1047100
7/21/2014,7.18,7.18,6.99,7.08,7.08,704700
7/22/2014,7.1,7.25,7.04,7.06,7.06,498000
7/23/2014,7.08,7.24,7,7.12,7.12,1013200
7/24/2014,7.13,7.24,7.03,7.1,7.1,642600
7/25/2014,7.06,7.16,6.95,7.05,7.05,655100
7/28/2014,7.08,7.08,6.76,6.89,6.89,748800
7/29/2014,6.94,7.05,6.86,6.95,6.95,455300
7/30/2014,7.03,7.23,7,7.2,7.2,639600
7/31/2014,7.12,7.17,6.94,7.04,7.04,689700
8/1/2014,7.02,7.11,6.75,6.91,6.91,883900
8/4/2014,6.98,7.06,6.83,6.98,6.98,842200
8/5/2014,6.93,7.05,6.84,7.04,7.04,819400
8/6/2014,7.04,7.34,7.03,7.3,7.3,964500
8/7/2014,7.74,7.74,7.17,7.24,7.24,1032000
8/8/2014,7.74,7.74,7.4,7.67,7.67,1734300
8/11/2014,7.72,7.85,7.64,7.78,7.78,1159400
8/12/2014,7.74,8.08,7.73,7.98,7.98,1266200
8/13/2014,8.07,8.15,7.96,8,8,1138200
8/14/2014,8.01,8.09,7.97,8.06,8.06,796400
8/15/2014,8.12,8.17,7.95,8.04,8.04,698900
8/18/2014,8.14,8.2,8.1,8.16,8.16,785700
8/19/2014,8.22,8.27,8.05,8.09,8.09,725500
8/20/2014,8.06,8.13,7.74,7.75,7.75,974200
8/21/2014,7.84,7.84,7.34,7.51,7.51,2352100
8/22/2014,7.48,7.91,7.42,7.91,7.91,883300
8/25/2014,7.95,8.11,7.93,7.99,7.99,957100
8/26/2014,7.95,8.21,7.86,8.15,8.15,1217300
8/27/2014,8.14,8.22,8.03,8.11,8.11,571700
8/28/2014,8.08,8.14,7.94,7.97,7.97,672200
8/29/2014,7.99,8.12,7.96,8.11,8.11,457300
9/2/2014,8.13,8.17,7.98,8.02,8.02,870200
9/3/2014,8.17,8.2,8,8.03,8.03,704200
9/4/2014,8.24,8.24,8,8.03,8.03,786100
9/5/2014,8.01,8.04,7.81,7.99,7.99,660500
9/8/2014,7.98,8.12,7.93,8.11,8.11,555400
9/9/2014,8.2,8.23,8.02,8.03,8.03,748100
9/10/2014,8.07,8.27,7.99,8.27,8.27,922700
9/11/2014,8.23,8.47,8.15,8.47,8.47,831200
9/12/2014,8.44,8.5,8.17,8.26,8.26,666600
9/15/2014,8.24,8.24,8.03,8.07,8.07,505700
9/16/2014,8.03,8.06,7.82,8.01,8.01,737800
9/17/2014,7.99,8.12,7.82,8.02,8.02,533700
9/18/2014,8.07,8.23,8.04,8.13,8.13,556700
9/19/2014,8.19,8.33,7.95,8.14,8.14,2101300
9/22/2014,8.11,8.14,7.95,8.06,8.06,560800
9/23/2014,8.04,8.15,7.93,7.99,7.99,556200
9/24/2014,8,8.25,8,8.24,8.24,468500
9/25/2014,8.22,8.28,8,8.17,8.17,601300
9/26/2014,8.18,8.26,8.13,8.25,8.25,443300
9/29/2014,8.14,8.32,8.05,8.25,8.25,366100
9/30/2014,8.25,8.34,8.14,8.14,8.14,798800
10/1/2014,8.11,8.27,8.01,8.09,8.09,693900
10/2/2014,8.07,8.34,8.01,8.19,8.19,765200
10/3/2014,8.33,8.34,8.11,8.24,8.24,567900
10/6/2014,8.24,8.27,7.87,7.93,7.93,1127400
10/7/2014,7.89,7.89,7.62,7.64,7.64,952100
10/8/2014,7.62,7.64,7.41,7.55,7.55,1255600
10/9/2014,7.52,7.55,7.23,7.35,7.35,1418000
10/10/2014,7.29,7.51,7.21,7.33,7.33,1000600
10/13/2014,7.31,7.44,7.15,7.23,7.23,1204400
10/14/2014,7.31,7.37,7.02,7.25,7.25,1262300
10/15/2014,7.16,7.34,7.06,7.31,7.31,1099700
10/16/2014,7.24,7.68,7.18,7.55,7.55,992800
10/17/2014,7.7,7.7,7.33,7.4,7.4,877900
10/20/2014,7.37,7.59,7.37,7.49,7.49,518900
10/21/2014,7.54,7.65,7.44,7.62,7.62,591900
10/22/2014,7.62,7.68,7.43,7.43,7.43,542500
10/23/2014,7.51,7.85,7.49,7.81,7.81,1043300
10/24/2014,7.81,7.9,7.7,7.7,7.7,491100
10/27/2014,7.66,7.68,7.39,7.4,7.4,625500
10/28/2014,7.43,7.66,7.34,7.65,7.65,691200
10/29/2014,7.66,7.71,7.2,7.5,7.5,1030300
10/30/2014,7.44,7.75,7.44,7.65,7.65,945200
10/31/2014,7.79,7.9,7.46,7.58,7.58,843900
11/3/2014,7.58,7.72,7.45,7.52,7.52,774800
11/4/2014,7.46,7.57,7.43,7.52,7.52,512900
11/5/2014,7.58,7.58,7.27,7.33,7.33,692400
11/6/2014,7.35,7.48,7.34,7.48,7.48,718200
11/7/2014,7.5,7.67,7.21,7.33,7.33,753300
11/10/2014,7.32,7.53,7.25,7.52,7.52,542600
11/11/2014,7.52,7.6,7.37,7.39,7.39,686500
11/12/2014,7.34,7.5,7.29,7.45,7.45,539500
11/13/2014,7.43,7.49,7.22,7.25,7.25,507200
11/14/2014,7.24,7.29,7.13,7.21,7.21,648500
11/17/2014,7.21,7.42,7.21,7.39,7.39,457700
11/18/2014,7.4,7.53,7.38,7.39,7.39,412600
11/19/2014,7.4,7.4,7.16,7.22,7.22,631400
11/20/2014,7.17,7.32,7.15,7.31,7.31,511800
11/21/2014,7.44,7.44,7.21,7.25,7.25,373700
11/24/2014,7.23,7.48,7.21,7.38,7.38,415100
11/25/2014,7.43,7.46,7.32,7.36,7.36,505100
11/26/2014,7.35,7.43,7.32,7.38,7.38,380000
11/28/2014,7.41,7.44,7.2,7.21,7.21,342100
12/1/2014,7.25,7.35,7.1,7.16,7.16,705000
12/2/2014,7.2,7.31,7.14,7.29,7.29,493600
12/3/2014,7.28,7.34,7.12,7.3,7.3,407500
12/4/2014,7.26,7.35,7.18,7.2,7.2,589500
12/5/2014,7.2,7.37,7.18,7.24,7.24,842800
12/8/2014,7.21,7.35,7.19,7.22,7.22,533600
12/9/2014,7.15,7.4,7.13,7.32,7.32,888500
12/10/2014,7.38,7.45,7.21,7.21,7.21,438300
12/11/2014,7.21,7.39,7.13,7.17,7.17,494700
12/12/2014,7.06,7.29,7.06,7.1,7.1,521600
12/15/2014,7.07,7.13,6.92,6.99,6.99,836500
12/16/2014,6.94,7.18,6.9,6.96,6.96,612000
12/17/2014,6.97,7.09,6.94,7.09,7.09,1241600
12/18/2014,7.17,7.29,7.07,7.24,7.24,665600
12/19/2014,7.22,7.26,7.1,7.17,7.17,2917600
12/22/2014,7.15,7.21,6.95,6.97,6.97,605500
12/23/2014,7.01,7.05,6.75,6.75,6.75,1106900
12/24/2014,6.8,6.96,6.76,6.9,6.9,292600
12/26/2014,7,7.08,6.94,6.97,6.97,545700
12/29/2014,6.98,7.09,6.84,6.86,6.86,705900
12/30/2014,6.81,6.92,6.78,6.79,6.79,732500
12/31/2014,6.79,7.1,6.79,6.93,6.93,1201500
1/2/2015,7.11,7.24,6.99,7.15,7.15,1037400
1/5/2015,7.11,7.33,7.04,7.24,7.24,718800
1/6/2015,7.29,7.33,7,7.07,7.07,737500
1/7/2015,7.12,7.28,7.05,7.16,7.16,841600
1/8/2015,7.25,7.25,7.08,7.1,7.1,654100
1/9/2015,7.12,7.12,6.95,7.02,7.02,802300
1/12/2015,7.05,7.1,6.86,7.01,7.01,704600
1/13/2015,7.08,7.16,6.89,7,7,653700
1/14/2015,6.9,7.08,6.9,7.06,7.06,397000
1/15/2015,7.05,7.14,6.79,6.8,6.8,688100
1/16/2015,6.82,6.9,6.74,6.76,6.76,602400
1/20/2015,6.79,6.86,6.6,6.79,6.79,732600
1/21/2015,6.79,6.85,6.57,6.66,6.66,478600
1/22/2015,6.7,6.83,6.39,6.79,6.79,750300
1/23/2015,6.8,6.88,6.76,6.77,6.77,615400
1/26/2015,6.75,7,6.75,6.91,6.91,620800
1/27/2015,6.81,7.04,6.81,6.93,6.93,485000
1/28/2015,6.98,6.98,6.8,6.81,6.81,524600
1/29/2015,6.85,6.96,6.73,6.92,6.92,422900
1/30/2015,6.88,7.37,6.88,7,7,2967700
2/2/2015,7.01,7.21,6.9,6.93,6.93,901000
2/3/2015,7,7.18,6.9,7.08,7.08,1533000
2/4/2015,7.02,7.08,6.9,6.95,6.95,1228600
2/5/2015,6.98,7.08,6.94,6.99,6.99,760100
2/6/2015,7.01,7.11,6.92,6.94,6.94,673500
2/9/2015,6.89,7.07,6.88,6.97,6.97,500100
2/10/2015,7.02,7.07,6.96,6.96,6.96,544500
2/11/2015,6.96,7.02,6.87,6.92,6.92,1302000
2/12/2015,6.99,7.15,6.95,7.05,7.05,756100
2/13/2015,7.09,7.24,7.06,7.21,7.21,622000
2/17/2015,7.23,7.38,7.21,7.23,7.23,1344600
2/18/2015,7.24,7.36,7.23,7.34,7.34,886300
2/19/2015,7.34,7.67,7.33,7.66,7.66,992900
2/20/2015,7.68,7.68,7.35,7.46,7.46,3732400
2/23/2015,6.04,6.29,5.65,6.28,6.28,8172900
2/24/2015,6.25,6.25,6.06,6.22,6.22,1616200
2/25/2015,6.19,6.46,6.13,6.35,6.35,2072700
2/26/2015,6.36,6.36,6.12,6.19,6.19,2171100
2/27/2015,6.19,6.28,6.06,6.23,6.23,1671800
3/2/2015,6.22,6.24,6.05,6.16,6.16,1502000
3/3/2015,6.16,6.17,6,6.06,6.06,906900
3/4/2015,6.13,6.33,6.04,6.31,6.31,1884700
3/5/2015,6.34,6.35,6.06,6.24,6.24,1287700
3/6/2015,6.22,6.53,6.12,6.26,6.26,2380700
3/9/2015,6.3,6.46,5.98,6.1,6.1,1405800
3/10/2015,6.05,6.23,6,6.15,6.15,1030200
3/11/2015,6.14,6.23,6.05,6.23,6.23,729100
3/12/2015,6.24,6.32,6.17,6.26,6.26,1283600
3/13/2015,6.37,6.5,6.1,6.24,6.24,1717300
3/16/2015,6.25,6.28,6.1,6.24,6.24,1458600
3/17/2015,6.21,6.45,6.21,6.38,6.38,1966900
3/18/2015,6.36,6.4,6.18,6.27,6.27,955600
3/19/2015,6.27,6.45,6.25,6.41,6.41,846200
3/20/2015,6.44,6.55,6.15,6.17,6.17,2407300
3/23/2015,6.19,6.26,6.02,6.21,6.21,916400
3/24/2015,6.2,6.31,6.1,6.13,6.13,1045900
3/25/2015,6.16,6.22,5.89,5.97,5.97,1931100
3/26/2015,5.97,6.02,5.81,5.95,5.95,1186900
3/27/2015,5.93,6.05,5.88,6.01,6.01,705900
3/30/2015,6.05,6.11,5.94,6.11,6.11,802300
3/31/2015,6.11,6.16,5.99,6.07,6.07,1028100
4/1/2015,6.02,6.02,5.86,5.91,5.91,1056400
4/2/2015,6.13,6.13,5.92,5.97,5.97,877100
4/6/2015,5.98,5.98,5.83,5.91,5.91,798500
4/7/2015,5.91,6.08,5.86,5.89,5.89,1034000
4/8/2015,5.87,5.93,5.58,5.84,5.84,3309200
4/9/2015,5.86,5.96,5.79,5.92,5.92,1303300
4/10/2015,5.92,6.08,5.92,6,6,596400
4/13/2015,5.97,6.12,5.96,6.04,6.04,585600
4/14/2015,6.03,6.08,6,6.01,6.01,412400
4/15/2015,6.01,6.17,6,6.08,6.08,581800
4/16/2015,6.09,6.15,6.05,6.09,6.09,245700
4/17/2015,6.04,6.1,5.9,5.97,5.97,810600
4/20/2015,6,6,5.83,5.94,5.94,583100
4/21/2015,5.97,6.03,5.93,5.94,5.94,466800
4/22/2015,5.95,6.07,5.89,5.98,5.98,735500
4/23/2015,5.96,6.05,5.93,6.03,6.03,534000
4/24/2015,6.04,6.19,6.01,6.1,6.1,482800
4/27/2015,6.14,6.18,5.89,5.96,5.96,1069200
4/28/2015,5.95,6.09,5.78,5.9,5.9,874500
4/29/2015,5.88,5.96,5.81,5.83,5.83,918200
4/30/2015,5.79,5.86,5.45,5.65,5.65,1991000
5/1/2015,5.64,5.89,5.54,5.84,5.84,1097900
5/4/2015,5.87,6.11,5.83,6,6,1397000
5/5/2015,6.1,6.1,5.86,5.99,5.99,1041900
5/6/2015,6,6.05,5.9,5.94,5.94,1188400
5/7/2015,5.96,6.03,5.79,5.89,5.89,1125900
5/8/2015,5.61,5.7,5.56,5.68,5.68,2140600
5/11/2015,5.65,6.19,5.63,6.06,6.06,3042600
5/12/2015,6.34,6.83,6.21,6.67,6.67,3807100
5/13/2015,6.5,6.8,6.27,6.77,6.77,2341200
5/14/2015,6.89,6.99,6.69,6.82,6.82,1411300
5/15/2015,6.85,6.86,6.64,6.68,6.68,885200
5/18/2015,6.67,6.68,6.48,6.56,6.56,1260400
5/19/2015,6.51,6.57,6.36,6.5,6.5,993300
5/20/2015,6.49,6.52,6.35,6.39,6.39,961900
5/21/2015,6.35,6.41,6.27,6.31,6.31,825200
5/22/2015,6.32,6.46,6.27,6.34,6.34,686500
5/26/2015,6.33,6.35,6.19,6.24,6.24,927900
5/27/2015,6.26,6.32,6.13,6.24,6.24,798300
5/28/2015,6.22,6.23,6.1,6.22,6.22,701700
5/29/2015,6.15,6.31,6.15,6.27,6.27,666500
6/1/2015,6.3,6.37,6.11,6.14,6.14,842000
6/2/2015,6.13,6.3,6.09,6.19,6.19,574100
6/3/2015,6.19,6.78,6.19,6.74,6.74,1464500
6/4/2015,6.7,6.77,6.63,6.74,6.74,748700
6/5/2015,6.74,6.92,6.65,6.91,6.91,769500
6/8/2015,6.9,6.9,6.74,6.85,6.85,513000
6/9/2015,6.87,6.88,6.64,6.65,6.65,701400
6/10/2015,6.65,6.76,6.61,6.69,6.69,535300
6/11/2015,6.68,6.81,6.67,6.79,6.79,300600
6/12/2015,6.79,6.8,6.72,6.74,6.74,352400
6/15/2015,6.7,6.78,6.55,6.78,6.78,471800
6/16/2015,6.75,6.8,6.64,6.68,6.68,390500
6/17/2015,6.71,6.74,6.64,6.71,6.71,428200
6/18/2015,6.74,6.93,6.69,6.93,6.93,632500
6/19/2015,6.97,7.11,6.88,7.11,7.11,1486000
6/22/2015,7.13,7.37,7.07,7.37,7.37,964500
6/23/2015,7.36,7.38,7.2,7.33,7.33,544400
6/24/2015,7.33,7.35,7.03,7.05,7.05,879200
6/25/2015,7.05,7.09,6.74,6.89,6.89,1004500
6/26/2015,6.91,7.01,6.8,6.96,6.96,799000
6/29/2015,7,7,6.56,6.56,6.56,768800
6/30/2015,6.58,6.84,6.57,6.84,6.84,984400
7/1/2015,6.87,7.05,6.72,6.89,6.89,1097500
7/2/2015,6.92,7,6.88,6.98,6.98,455900
7/6/2015,6.92,7.2,6.85,7.04,7.04,694000
7/7/2015,7.07,7.16,6.88,7.15,7.15,774000
7/8/2015,7.12,7.23,6.87,6.9,6.9,1034400
7/9/2015,6.93,7.1,6.91,7.03,7.03,685600
7/10/2015,7.11,7.11,6.95,7.08,7.08,391000
7/13/2015,7.09,7.2,7.05,7.15,7.15,533000
7/14/2015,7.12,7.31,7.12,7.28,7.28,397700
7/15/2015,7.25,7.32,7.13,7.26,7.26,587700
7/16/2015,7.32,7.41,7.27,7.4,7.4,998200
7/17/2015,7.41,7.45,7.23,7.44,7.44,745500
7/20/2015,7.44,7.49,7.31,7.41,7.41,671200
7/21/2015,7.38,7.46,7.27,7.27,7.27,583300
7/22/2015,7.25,7.35,7.15,7.3,7.3,387000
7/23/2015,7.33,7.35,7.11,7.13,7.13,468100
7/24/2015,7.08,7.1,6.85,6.85,6.85,859100
7/27/2015,6.85,7.06,6.69,6.85,6.85,686000
7/28/2015,6.89,7.04,6.79,7.04,7.04,726800
7/29/2015,7.03,7.08,6.8,6.81,6.81,955700
7/30/2015,6.74,6.87,6.65,6.77,6.77,629300
7/31/2015,6.78,7.07,6.71,6.92,6.92,625100
8/3/2015,6.94,6.99,6.77,6.97,6.97,649700
8/4/2015,7,7.05,6.86,7.03,7.03,628700
8/5/2015,7.02,7.13,6.98,7.08,7.08,528200
8/6/2015,7.05,7.1,6.98,6.98,6.98,1432100
8/7/2015,7.03,7.74,6.74,7.48,7.48,2778600
8/10/2015,7.55,7.69,7.3,7.39,7.39,1579600
8/11/2015,7.35,7.52,7.28,7.38,7.38,1066900
8/12/2015,7.26,7.43,7.06,7.33,7.33,1116900
8/13/2015,7.37,7.46,7.2,7.23,7.23,777300
8/14/2015,7.14,7.37,6.91,6.95,6.95,3072400
8/17/2015,7.19,7.34,7,7.1,7.1,1885800
8/18/2015,7.1,7.2,6.97,7.03,7.03,1336400
8/19/2015,6.98,7.2,6.96,7.05,7.05,992300
8/20/2015,6.97,7.08,6.78,6.78,6.78,1229100
8/21/2015,6.66,7.2,6.66,6.99,6.99,1957300
8/24/2015,6.69,7.15,6.63,6.83,6.83,2607300
8/25/2015,7.03,7.19,6.73,6.92,6.92,2240400
8/26/2015,7.08,7.32,6.91,7.32,7.32,1496600
8/27/2015,7.37,7.6,7.31,7.49,7.49,1734500
8/28/2015,7.47,7.66,7.45,7.6,7.6,1484100
8/31/2015,7.59,7.64,7.24,7.27,7.27,1025500
9/1/2015,7.16,7.25,7,7.02,7.02,1898200
9/2/2015,7.13,7.35,6.5,6.62,6.62,3520600
9/3/2015,6.65,6.82,6.34,6.37,6.37,2921700
9/4/2015,6.3,6.44,6.23,6.28,6.28,1739900
9/8/2015,6.48,6.59,6.27,6.4,6.4,1430300
9/9/2015,6.49,6.49,6.29,6.33,6.33,1310100
9/10/2015,6.33,6.55,6.33,6.54,6.54,1252900
9/11/2015,6.46,6.72,6.4,6.71,6.71,1229500
9/14/2015,6.69,6.78,6.53,6.61,6.61,916500
9/15/2015,6.61,6.67,6.48,6.62,6.62,1115000
9/16/2015,6.61,6.68,6.53,6.6,6.6,919800
9/17/2015,6.57,6.92,6.52,6.82,6.82,1302500
9/18/2015,6.74,6.93,6.68,6.87,6.87,1883200
9/21/2015,6.96,7.13,6.77,6.81,6.81,1574200
9/22/2015,6.73,6.93,6.69,6.89,6.89,1259700
9/23/2015,6.93,7.11,6.87,6.98,6.98,730200
9/24/2015,6.95,7.05,6.82,7,7,644600
9/25/2015,7.05,7.06,6.42,6.61,6.61,1892300
9/28/2015,6.56,6.56,6.07,6.16,6.16,2199000
9/29/2015,6.14,6.35,5.85,5.92,5.92,2078500
9/30/2015,5.99,6.34,5.78,5.98,5.98,1731100
10/1/2015,5.98,6.12,5.63,5.75,5.75,1358800
10/2/2015,5.66,5.98,5.42,5.98,5.98,1284700
10/5/2015,6.02,6.17,5.88,5.96,5.96,1601200
10/6/2015,5.97,6.07,5.62,5.67,5.67,1389800
10/7/2015,5.7,6.05,5.6,5.78,5.78,2143400
10/8/2015,5.74,6.15,5.71,6.13,6.13,1329500
10/9/2015,6.12,6.45,6.08,6.2,6.2,905100
10/12/2015,6.22,6.32,6.14,6.18,6.18,827900
10/13/2015,6.12,6.29,5.97,5.98,5.98,1036300
10/14/2015,6.01,6.3,6.01,6.12,6.12,1326700
10/15/2015,6.11,6.62,6.03,6.62,6.62,883700
10/16/2015,6.65,6.85,6.54,6.65,6.65,1162700
10/19/2015,6.62,7.02,6.62,6.93,6.93,1261900
10/20/2015,6.93,6.94,6.61,6.68,6.68,1296300
10/21/2015,6.76,6.86,6.44,6.69,6.69,1509900
10/22/2015,6.72,6.84,6.51,6.64,6.64,1600300
10/23/2015,5,5.35,4.89,5.33,5.33,4827600
10/26/2015,5.33,5.49,5.21,5.25,5.25,1734700
10/27/2015,5.25,5.39,5.16,5.26,5.26,1884600
10/28/2015,5.24,5.36,5.22,5.32,5.32,3381100
10/29/2015,5.32,5.43,5.11,5.11,5.11,1728000
10/30/2015,5.15,5.29,5.06,5.21,5.21,1022900
11/2/2015,5.21,5.3,5.08,5.26,5.26,1343500
11/3/2015,5.23,5.44,5.15,5.26,5.26,1158200
11/4/2015,5.29,5.41,5.19,5.26,5.26,837200
11/5/2015,5.33,5.33,4.9,5.18,5.18,1416900
11/6/2015,5.15,5.28,4.95,5.25,5.25,1153700
11/9/2015,5.21,5.34,5.09,5.26,5.26,1004200
11/10/2015,5.29,5.35,5.17,5.28,5.28,1035900
11/11/2015,5.28,5.33,5.13,5.15,5.15,856400
11/12/2015,5.11,5.2,5.04,5.07,5.07,882100
11/13/2015,5.05,5.26,4.99,5.24,5.24,1036000
11/16/2015,5.21,5.25,5,5.15,5.15,1149800
11/17/2015,5.18,5.3,5.06,5.19,5.19,657300
11/18/2015,5.19,5.46,5.18,5.44,5.44,886100
11/19/2015,5.42,5.61,5.36,5.39,5.39,642400
11/20/2015,5.45,5.5,5.3,5.34,5.34,529000
11/23/2015,5.36,5.72,5.36,5.48,5.48,1013200
11/24/2015,5.47,5.54,5.33,5.48,5.48,692100
11/25/2015,5.47,5.74,5.47,5.69,5.69,544000
11/27/2015,5.69,5.86,5.61,5.76,5.76,291700
11/30/2015,5.79,6.08,5.74,6,6,881900
12/1/2015,6.01,6.05,5.72,5.94,5.94,759800
12/2/2015,5.96,6.08,5.79,5.8,5.8,638800
12/3/2015,5.79,5.89,5.62,5.67,5.67,748200
12/4/2015,5.67,5.73,5.56,5.62,5.62,743400
12/7/2015,5.58,5.7,5.49,5.52,5.52,733600
12/8/2015,5.47,5.66,5.44,5.65,5.65,553400
12/9/2015,5.6,5.78,5.52,5.53,5.53,528800
12/10/2015,5.51,5.7,5.51,5.66,5.66,366600
12/11/2015,5.56,5.67,5.29,5.29,5.29,772300
12/14/2015,5.33,5.44,5.21,5.31,5.31,877900
12/15/2015,5.33,5.54,5.29,5.39,5.39,891200
12/16/2015,5.43,5.88,5.43,5.85,5.85,1023000
12/17/2015,5.88,5.94,5.71,5.86,5.86,575500
12/18/2015,5.84,6.12,5.8,6.04,6.04,6557800
12/21/2015,6,6.02,5.78,5.84,5.84,739100
12/22/2015,5.81,6.02,5.78,5.98,5.98,524300
12/23/2015,5.98,6.06,5.95,6.04,6.04,381800
12/24/2015,6.05,6.13,6.03,6.06,6.06,221200
12/28/2015,6.02,6.11,5.93,6.01,6.01,604500
12/29/2015,6.03,6.25,6.03,6.22,6.22,509100
12/30/2015,6.25,6.26,6.08,6.14,6.14,466200
12/31/2015,6.09,6.17,5.98,6.03,6.03,432100
1/4/2016,5.94,5.98,5.72,5.8,5.8,704700
1/5/2016,5.8,5.84,5.68,5.73,5.73,446200
1/6/2016,5.67,5.68,5.47,5.52,5.52,561400
1/7/2016,5.43,5.43,5.23,5.24,5.24,590300
1/8/2016,5.29,5.34,5.13,5.21,5.21,636500
1/11/2016,5.27,5.27,4.86,5.01,5.01,1055100
1/12/2016,5.05,5.29,4.96,5.19,5.19,1263300
1/13/2016,5.19,5.31,4.8,4.86,4.86,1102700
1/14/2016,4.92,5.2,4.73,5.04,5.04,1444600
1/15/2016,4.9,5,4.76,4.98,4.98,973200
1/19/2016,5.06,5.08,4.62,4.71,4.71,1064400
1/20/2016,4.63,5.04,4.51,4.99,4.99,1365700
1/21/2016,4.97,5.28,4.89,5.13,5.13,882000
1/22/2016,5.2,5.28,5.07,5.19,5.19,906500
1/25/2016,5.13,5.32,5.1,5.13,5.13,889900
1/26/2016,5.18,5.24,4.91,5.23,5.23,545100
1/27/2016,5.22,5.28,4.97,4.98,4.98,702800
1/28/2016,5.01,5.08,4.74,4.77,4.77,1049000
1/29/2016,4.81,4.96,4.72,4.96,4.96,896600
2/1/2016,4.91,4.99,4.65,4.84,4.84,1003200
2/2/2016,4.79,4.81,4.64,4.75,4.75,664900
2/3/2016,4.76,4.82,4.47,4.63,4.63,1018100
2/4/2016,4.61,4.91,4.61,4.74,4.74,661000
2/5/2016,4.72,4.75,4.54,4.63,4.63,945400
2/8/2016,4.58,4.59,4.25,4.39,4.39,950700
2/9/2016,4.28,4.52,4.14,4.28,4.28,924900
2/10/2016,4.35,4.7,4.29,4.42,4.42,704300
2/11/2016,4.32,4.41,4.26,4.35,4.35,623200
2/12/2016,4.39,4.53,4.28,4.52,4.52,675700
2/16/2016,4.53,4.6,4.35,4.49,4.49,1028900
2/17/2016,4.52,4.67,4.37,4.55,4.55,959500
2/18/2016,4.57,4.74,4.38,4.45,4.45,837000
2/19/2016,4.46,4.72,4.39,4.68,4.68,788300
2/22/2016,4.71,4.75,4.58,4.65,4.65,611300
2/23/2016,4.63,4.79,4.55,4.56,4.56,604600
2/24/2016,4.52,4.66,4.31,4.64,4.64,610900
2/25/2016,4.65,4.75,4.5,4.65,4.65,774900
2/26/2016,4.67,4.73,4.59,4.69,4.69,553800
2/29/2016,4.68,4.74,4.47,4.52,4.52,725000
3/1/2016,4.52,4.67,4.47,4.65,4.65,672200
3/2/2016,4.63,5.03,4.6,5.01,5.01,1263700
3/3/2016,4.98,5.18,4.89,4.93,4.93,631600
3/4/2016,4.92,5.22,4.87,5.05,5.05,840700
3/7/2016,5.01,5.45,4.94,5.36,5.36,837900
3/8/2016,5.33,5.33,5.03,5.07,5.07,702900
3/9/2016,5.06,5.08,4.85,5.01,5.01,820000
3/10/2016,5.16,5.57,5.11,5.47,5.47,1427000
3/11/2016,5.57,5.79,5.26,5.79,5.79,1291500
3/14/2016,5.84,6.07,5.79,5.85,5.85,1145600
3/15/2016,6.11,6.13,5.7,5.71,5.71,1320700
3/16/2016,5.63,5.66,5.45,5.62,5.62,1135800
3/17/2016,5.6,5.89,5.34,5.86,5.86,1387100
3/18/2016,5.91,6.1,5.85,5.96,5.96,3611600
3/21/2016,5.94,6.18,5.83,6.08,6.08,785400
3/22/2016,6.01,6.2,6.01,6.17,6.17,704000
3/23/2016,6.18,6.33,5.86,5.87,5.87,701000
3/24/2016,5.8,6.07,5.7,5.96,5.96,464500
3/28/2016,6.03,6.05,5.74,5.8,5.8,477500
3/29/2016,5.79,6.07,5.62,6.03,6.03,671900
3/30/2016,6.12,6.33,6.04,6.29,6.29,1119200
3/31/2016,6.29,6.45,6.16,6.36,6.36,764000
4/1/2016,6.33,6.48,6.28,6.47,6.47,714800
4/4/2016,6.46,6.86,6.44,6.72,6.72,1145800
4/5/2016,6.65,6.74,6.51,6.58,6.58,672000
4/6/2016,6.6,7.02,6.59,7,7,935700
4/7/2016,6.95,7.05,6.72,6.87,6.87,710200
4/8/2016,6.97,7,6.78,6.87,6.87,467700
4/11/2016,6.93,6.98,6.82,6.83,6.83,689400
4/12/2016,6.83,6.93,6.73,6.93,6.93,468400
4/13/2016,6.96,7.2,6.88,7.15,7.15,598900
4/14/2016,7.14,7.29,7.11,7.16,7.16,496700
4/15/2016,7.11,7.44,7.11,7.38,7.38,485700
4/18/2016,7.34,7.49,7.28,7.32,7.32,1003600
4/19/2016,7.33,7.34,7.14,7.25,7.25,654500
4/20/2016,7.41,7.49,7.25,7.35,7.35,528900
4/21/2016,7.34,7.42,7.27,7.41,7.41,545400
4/22/2016,7.39,7.62,7.39,7.6,7.6,431700
4/25/2016,7.63,7.74,7.56,7.65,7.65,391300
4/26/2016,7.65,7.65,7.2,7.24,7.24,616300
4/27/2016,7.19,7.22,7.02,7.14,7.14,485800
4/28/2016,7.14,7.39,7,7.16,7.16,459800
4/29/2016,7.14,7.25,7.03,7.09,7.09,416200
5/2/2016,7.14,7.3,7.02,7.3,7.3,407700
5/3/2016,7.2,7.24,7.06,7.13,7.13,589600
5/4/2016,7.09,7.09,6.92,6.96,6.96,578700
5/5/2016,6.91,7,6.4,6.4,6.4,1091200
5/6/2016,7.05,7.33,6.8,7.15,7.15,3089700
5/9/2016,7.21,7.33,6.96,7.27,7.27,1371500
5/10/2016,7.32,7.48,7.23,7.45,7.45,793600
5/11/2016,7.4,7.58,7.3,7.31,7.31,658800
5/12/2016,7.34,7.35,6.97,7.07,7.07,920000
5/13/2016,7.03,7.22,6.97,7.11,7.11,1202400
5/16/2016,7.15,7.25,7.11,7.2,7.2,733600
5/17/2016,7.18,7.26,7.07,7.1,7.1,780100
5/18/2016,7.06,7.23,7.04,7.18,7.18,598500
5/19/2016,7.15,7.24,7.1,7.19,7.19,521200
5/20/2016,7.2,7.29,7.12,7.27,7.27,655400
5/23/2016,7.27,7.36,7.23,7.3,7.3,590800
5/24/2016,7.35,7.38,7.28,7.37,7.37,942400
5/25/2016,7.41,7.67,7.38,7.53,7.53,813100
5/26/2016,7.52,7.62,7.41,7.44,7.44,824600
5/27/2016,7.44,7.55,7.39,7.43,7.43,641600
5/31/2016,7.48,7.52,7.4,7.49,7.49,1410300
6/1/2016,7.46,7.55,7.44,7.49,7.49,683800
6/2/2016,7.47,7.54,7.47,7.52,7.52,821400
6/3/2016,7.5,7.54,7.27,7.34,7.34,660400
6/6/2016,7.34,7.34,7.17,7.28,7.28,756600
6/7/2016,7.26,7.28,7.13,7.2,7.2,759100
6/8/2016,7.2,7.24,7.11,7.11,7.11,594400
6/9/2016,7.07,7.12,6.95,6.97,6.97,620900
6/10/2016,6.94,6.98,6.82,6.94,6.94,465400
6/13/2016,6.92,7.02,6.87,6.87,6.87,450000
6/14/2016,6.86,6.92,6.69,6.76,6.76,405100
6/15/2016,6.81,6.93,6.8,6.82,6.82,451900
6/16/2016,6.77,6.9,6.65,6.82,6.82,938200
6/17/2016,6.85,6.87,6.75,6.76,6.76,2003800
6/20/2016,6.83,6.86,6.7,6.76,6.76,501100
6/21/2016,6.79,6.81,6.69,6.72,6.72,504400
6/22/2016,6.72,6.89,6.71,6.8,6.8,1141500
6/23/2016,6.87,6.89,6.79,6.81,6.81,872700
6/24/2016,6.46,6.61,6.4,6.47,6.47,926400
6/27/2016,6.36,6.5,6.25,6.33,6.33,785900
6/28/2016,6.41,6.55,6.33,6.52,6.52,1130000
6/29/2016,6.6,6.68,6.47,6.57,6.57,1394600
6/30/2016,6.6,6.66,6.53,6.57,6.57,806300
7/1/2016,6.58,6.71,6.58,6.69,6.69,645200
7/5/2016,6.64,6.77,6.64,6.71,6.71,619400
7/6/2016,6.67,6.8,6.67,6.79,6.79,704700
7/7/2016,6.79,6.84,6.74,6.79,6.79,503400
7/8/2016,6.8,6.81,6.74,6.75,6.75,686700
7/11/2016,6.76,6.8,6.69,6.7,6.7,557600
7/12/2016,6.74,6.83,6.71,6.74,6.74,755100
7/13/2016,6.75,6.78,6.58,6.62,6.62,797600
7/14/2016,6.65,6.69,6.57,6.62,6.62,880200
7/15/2016,6.67,6.69,6.59,6.65,6.65,709000
7/18/2016,6.63,6.68,6.59,6.59,6.59,562400
7/19/2016,6.54,6.64,6.25,6.27,6.27,678000
7/20/2016,6.31,6.51,6.3,6.48,6.48,1394200
7/21/2016,6.49,6.57,6.44,6.5,6.5,606100
7/22/2016,6.5,6.58,6.46,6.53,6.53,726900
7/25/2016,6.52,6.55,6.43,6.47,6.47,493400
7/26/2016,6.47,6.59,6.46,6.51,6.51,468500
7/27/2016,6.52,6.85,6.47,6.84,6.84,614100
7/28/2016,6.85,6.92,6.82,6.82,6.82,424100
7/29/2016,6.82,6.89,6.77,6.87,6.87,412600
8/1/2016,6.89,7.1,6.87,7.05,7.05,547900
8/2/2016,7.07,7.09,6.86,6.95,6.95,538900
8/3/2016,6.95,7.1,6.93,7.08,7.08,493000
8/4/2016,7.1,7.16,7,7.03,7.03,486300
8/5/2016,7.05,7.15,7.03,7.1,7.1,365700
8/8/2016,7.13,7.14,6.96,6.98,6.98,410300
8/9/2016,6.94,7.15,6.79,7.07,7.07,632300
8/10/2016,6.82,6.9,5.61,5.72,5.72,3730100
8/11/2016,5.74,6.04,5.72,5.91,5.91,1111800
8/12/2016,5.9,5.9,5.75,5.81,5.81,983100
8/15/2016,5.82,6.17,5.8,6,6,765100
8/16/2016,5.9,6.03,5.82,5.93,5.93,685700
8/17/2016,5.92,6.04,5.82,5.91,5.91,981300
8/18/2016,5.93,6.05,5.83,5.93,5.93,1054200
8/19/2016,5.92,5.97,5.8,5.91,5.91,1727000
8/22/2016,5.93,6.15,5.92,6.03,6.03,627200
8/23/2016,6.04,6.04,5.88,5.99,5.99,537100
8/24/2016,5.97,6.05,5.6,5.62,5.62,946500
8/25/2016,5.64,5.75,5.42,5.64,5.64,1015200
8/26/2016,5.62,5.77,5.51,5.59,5.59,723500
8/29/2016,5.62,5.68,5.49,5.51,5.51,630100
8/30/2016,5.52,5.62,5.45,5.5,5.5,790200
8/31/2016,5.47,5.47,5.13,5.31,5.31,1701200
9/1/2016,5.33,5.4,5.23,5.29,5.29,863900
9/2/2016,5.31,5.36,5.12,5.24,5.24,1104700
9/6/2016,5.28,5.32,5.2,5.29,5.29,837700
9/7/2016,5.3,5.41,5.26,5.38,5.38,630100
9/8/2016,5.4,5.51,5.37,5.48,5.48,600300
9/9/2016,5.45,5.53,5.38,5.38,5.38,748800
9/12/2016,5.33,5.72,5.31,5.69,5.69,931500
9/13/2016,5.69,5.69,5.39,5.49,5.49,893700
9/14/2016,5.48,5.55,4.69,5.04,5.04,2368300
9/15/2016,4.95,5.04,4.6,4.85,4.85,1236000
9/16/2016,4.84,5.01,4.75,4.82,4.82,2378500
9/19/2016,4.81,4.95,4.7,4.72,4.72,785200
9/20/2016,4.74,4.75,4.6,4.62,4.62,741000
9/21/2016,4.6,4.62,4.35,4.47,4.47,1797700
9/22/2016,4.47,4.86,4.47,4.81,4.81,1353600
9/23/2016,4.82,4.89,4.67,4.72,4.72,676100
9/26/2016,4.72,4.79,4.65,4.66,4.66,610500
9/27/2016,4.66,4.74,4.6,4.74,4.74,523300
9/28/2016,4.77,4.81,4.64,4.73,4.73,636300
9/29/2016,4.74,4.74,4.57,4.58,4.58,726000
9/30/2016,4.6,4.71,4.55,4.67,4.67,469100
10/3/2016,4.62,4.69,4.59,4.66,4.66,683700
10/4/2016,4.64,4.68,4.53,4.55,4.55,769600
10/5/2016,4.55,4.71,4.52,4.62,4.62,507100
10/6/2016,4.59,4.64,4.49,4.54,4.54,564400
10/7/2016,4.53,4.64,4.53,4.59,4.59,371300
10/10/2016,4.64,4.73,4.64,4.7,4.7,369500
10/11/2016,4.67,4.71,4.5,4.52,4.52,457000
10/12/2016,4.51,4.56,4.3,4.32,4.32,619300
10/13/2016,4.3,4.38,4.22,4.24,4.24,676800
10/14/2016,4.29,4.29,3.94,3.95,3.95,989300
10/17/2016,3.95,4.08,3.92,3.99,3.99,873400
10/18/2016,4.06,4.11,3.99,4.02,4.02,579300
10/19/2016,4.02,4.05,3.9,3.95,3.95,719200
10/20/2016,3.93,4.01,3.93,3.98,3.98,494700
10/21/2016,3.95,4,3.92,3.94,3.94,362400
10/24/2016,3.96,3.98,3.81,3.83,3.83,506900
10/25/2016,3.84,3.87,3.66,3.66,3.66,675500
10/26/2016,3.65,3.76,3.61,3.75,3.75,678500
10/27/2016,3.77,3.87,3.73,3.77,3.77,533500
10/28/2016,3.76,3.8,3.55,3.67,3.67,565000
10/31/2016,3.67,3.7,3.5,3.54,3.54,696700
11/1/2016,3.55,3.6,3.43,3.58,3.58,1306900
11/2/2016,3.55,3.63,3.48,3.49,3.49,461000
11/3/2016,3.51,3.52,3.21,3.22,3.22,1124600
11/4/2016,3.35,3.61,3.34,3.52,3.52,2015600
11/7/2016,3.6,3.67,3.52,3.63,3.63,1025900
11/8/2016,3.6,3.67,3.46,3.61,3.61,537300
11/9/2016,3.73,4.18,3.73,4.18,4.18,1593000
11/10/2016,4.29,4.32,4.13,4.21,4.21,1008500
11/11/2016,4.25,4.53,4.14,4.5,4.5,1249000
11/14/2016,4.68,4.8,4.4,4.79,4.79,1237400
11/15/2016,4.78,4.78,4.37,4.4,4.4,1093800
11/16/2016,4.4,4.43,4.26,4.27,4.27,645200
11/17/2016,4.36,4.41,4.25,4.27,4.27,523300
11/18/2016,4.25,4.33,4.19,4.27,4.27,611100
11/21/2016,4.27,4.53,4.22,4.52,4.52,543200
11/22/2016,4.53,4.63,4.29,4.3,4.3,712700
11/23/2016,4.24,4.38,4.11,4.38,4.38,551800
11/25/2016,4.37,4.37,4.28,4.33,4.33,217800
11/28/2016,4.32,4.32,4.07,4.1,4.1,670600
11/29/2016,4.1,4.16,3.98,3.99,3.99,542700
11/30/2016,4,4.08,3.85,3.91,3.91,754600
12/1/2016,3.9,4.14,3.86,4.1,4.1,2098600
12/2/2016,4.08,4.11,3.91,4,4,477500
12/5/2016,4,4.2,3.94,4.03,4.03,824300
12/6/2016,3.97,4.28,3.93,4.23,4.23,800500
12/7/2016,4.14,4.29,3.89,4.14,4.14,1579800
12/8/2016,4.05,4.18,3.95,4.16,4.16,1002800
12/9/2016,4.23,4.56,4.17,4.44,4.44,971500
12/12/2016,4.42,4.46,4.23,4.44,4.44,755700
12/13/2016,4.45,4.56,4.34,4.42,4.42,797000
12/14/2016,4.4,4.48,4.21,4.31,4.31,649600
12/15/2016,4.34,4.6,4.25,4.57,4.57,675400
12/16/2016,4.61,4.69,4.5,4.63,4.63,2541800
12/19/2016,4.65,4.87,4.65,4.68,4.68,867600
12/20/2016,4.7,4.75,4.51,4.62,4.62,695100
12/21/2016,4.6,4.64,4.34,4.34,4.34,398200
12/22/2016,4.38,4.39,4.21,4.32,4.32,497900
12/23/2016,4.32,4.62,4.31,4.62,4.62,324700
12/27/2016,4.66,4.73,4.52,4.55,4.55,464900
12/28/2016,4.58,4.59,4.42,4.5,4.5,430300
12/29/2016,4.5,4.58,4.36,4.45,4.45,304800
12/30/2016,4.46,4.53,4.38,4.43,4.43,349800
1/3/2017,4.47,4.58,4.28,4.46,4.46,506800
1/4/2017,4.48,4.75,4.37,4.74,4.74,526900
1/5/2017,4.75,4.88,4.64,4.8,4.8,460500
1/6/2017,4.8,4.83,4.72,4.81,4.81,490000
1/9/2017,4.84,4.87,4.67,4.69,4.69,447700
1/10/2017,4.72,4.8,4.59,4.64,4.64,489800
1/11/2017,4.64,4.69,4.46,4.55,4.55,832400
1/12/2017,4.54,4.62,4.42,4.56,4.56,438600
1/13/2017,4.56,4.66,4.53,4.65,4.65,521500
1/17/2017,4.62,4.62,4.46,4.55,4.55,460900
1/18/2017,4.55,4.62,4.48,4.61,4.61,282500
1/19/2017,4.61,4.62,4.51,4.6,4.6,332000
1/20/2017,4.6,4.64,4.53,4.6,4.6,419000
1/23/2017,4.58,4.59,4.48,4.57,4.57,318300
1/24/2017,4.57,4.65,4.4,4.64,4.64,452600
1/25/2017,4.7,4.75,4.58,4.63,4.63,245600
1/26/2017,4.65,4.69,4.55,4.58,4.58,267300
1/27/2017,4.58,4.61,4.5,4.57,4.57,351400
1/30/2017,4.53,4.54,4.41,4.49,4.49,463900
1/31/2017,4.45,4.68,4.31,4.66,4.66,568900
2/1/2017,4.68,4.92,4.67,4.74,4.74,850800
2/2/2017,4.73,5.11,4.66,5.09,5.09,980900
2/3/2017,5.14,5.15,5,5.05,5.05,599500
2/6/2017,5.04,5.18,5.02,5.11,5.11,513300
2/7/2017,5.1,5.1,4.9,4.96,4.96,535200
2/8/2017,4.93,5.03,4.86,4.99,4.99,461800
2/9/2017,5,5.24,5,5.12,5.12,501300
2/10/2017,5.25,5.72,5.14,5.48,5.48,1027600
2/13/2017,5.51,5.75,5.43,5.44,5.44,690700
2/14/2017,5.45,5.84,5.45,5.73,5.73,680900
2/15/2017,5.72,5.95,5.69,5.94,5.94,674200
2/16/2017,5.97,6.04,5.83,6.02,6.02,787600
2/17/2017,6.03,6.03,5.68,5.91,5.91,902300
2/21/2017,5.96,6.03,5.81,5.84,5.84,719000
2/22/2017,5.84,5.95,5.74,5.75,5.75,524700
2/23/2017,5.78,5.92,5.73,5.89,5.89,603500
2/24/2017,5.86,5.93,5.77,5.8,5.8,473200
2/27/2017,5.83,6.29,5.81,6.27,6.27,1017000
2/28/2017,6.3,6.43,6.17,6.4,6.4,1098500
3/1/2017,6.55,6.8,6.5,6.73,6.73,1621900
3/2/2017,6.73,6.92,6.43,6.46,6.46,1411400
3/3/2017,6.43,6.6,6.32,6.41,6.41,969100
3/6/2017,6.41,6.56,6.28,6.42,6.42,933100
3/7/2017,6.38,6.48,6.22,6.31,6.31,768800
3/8/2017,6.32,6.47,6.25,6.28,6.28,1024500
3/9/2017,6,6.39,5.65,6.06,6.06,1257300
3/10/2017,6.14,6.37,6.14,6.37,6.37,788000
3/13/2017,6.37,6.67,6.3,6.53,6.53,942100
3/14/2017,6.49,6.63,6.21,6.21,6.21,919400
3/15/2017,6.21,6.53,6.21,6.41,6.41,1006200
3/16/2017,6.42,6.67,6.38,6.62,6.62,1226500
3/17/2017,6.51,6.66,6.45,6.57,6.57,2827300
3/20/2017,6.56,6.59,6.38,6.51,6.51,766000
3/21/2017,6.53,6.59,6.27,6.42,6.42,1056000
3/22/2017,6.42,6.49,6.34,6.42,6.42,593000
3/23/2017,6.38,6.74,6.26,6.55,6.55,1063500
3/24/2017,6.55,6.68,6.54,6.61,6.61,521300
3/27/2017,6.55,6.75,6.52,6.69,6.69,502500
3/28/2017,6.69,6.75,6.53,6.57,6.57,470700
3/29/2017,6.58,6.65,6.47,6.58,6.58,667400
3/30/2017,6.6,6.6,6.42,6.53,6.53,638600
3/31/2017,6.54,6.58,6.36,6.5,6.5,580900
4/3/2017,6.49,6.63,6.37,6.38,6.38,546100
4/4/2017,6.38,6.54,6.34,6.49,6.49,549900
4/5/2017,6.51,6.52,6.14,6.19,6.19,909700
4/6/2017,6.22,6.3,6.05,6.16,6.16,778700
4/7/2017,6.16,6.24,6.09,6.2,6.2,586000
4/10/2017,6.22,6.45,6.15,6.34,6.34,515300
4/11/2017,6.32,6.4,6.15,6.25,6.25,706800
4/12/2017,6.2,6.25,6.1,6.11,6.11,531500
4/13/2017,6.1,6.4,6.09,6.32,6.32,524400
4/17/2017,6.32,6.43,6.3,6.41,6.41,356400
4/18/2017,6.37,6.42,6.24,6.39,6.39,443300
4/19/2017,6.44,6.52,6.37,6.48,6.48,475000
4/20/2017,6.5,6.98,6.47,6.97,6.97,1744800
4/21/2017,6.95,7.19,6.77,7.09,7.09,1464800
4/24/2017,7.22,7.42,7.11,7.31,7.31,1171900
4/25/2017,7.37,7.74,7.33,7.63,7.63,1479300
4/26/2017,7.57,8,7.54,7.93,7.93,1748900
4/27/2017,7.9,7.96,7.66,7.86,7.86,740200
4/28/2017,7.85,7.89,7.58,7.61,7.61,681200
5/1/2017,7.65,7.79,7.58,7.7,7.7,682300
5/2/2017,7.73,7.78,7.4,7.53,7.53,949300
5/3/2017,6.99,7.19,6.6,6.66,6.66,1725500
5/4/2017,6.65,6.77,6.47,6.5,6.5,899800
5/5/2017,6.5,6.58,6.31,6.39,6.39,1598900
5/8/2017,6.39,6.39,6.1,6.12,6.12,870500
5/9/2017,6.18,6.22,6.02,6.1,6.1,778200
5/10/2017,6.01,6.19,5.9,6.03,6.03,920900
5/11/2017,6.03,6.14,5.97,5.99,5.99,592000
5/12/2017,6,6.09,5.92,6.03,6.03,885700
5/15/2017,6,6.14,6,6.05,6.05,481600
5/16/2017,6.04,6.09,5.96,6.02,6.02,555100
5/17/2017,5.9,5.96,5.78,5.78,5.78,576100
5/18/2017,5.75,5.9,5.66,5.74,5.74,862900
5/19/2017,5.71,5.8,5.67,5.75,5.75,511100
5/22/2017,5.79,5.94,5.69,5.93,5.93,745600
5/23/2017,5.99,6.07,5.9,6,6,482700
5/24/2017,6.03,6.14,5.92,6.09,6.09,531500
5/25/2017,6.11,6.14,5.91,5.92,5.92,368900
5/26/2017,5.92,5.99,5.69,5.75,5.75,540600
5/30/2017,5.72,5.77,5.6,5.6,5.6,466500
5/31/2017,5.64,5.68,5.47,5.66,5.66,488800
6/1/2017,5.65,5.84,5.65,5.82,5.82,559100
6/2/2017,5.81,6,5.77,5.96,5.96,383500
6/5/2017,5.92,6.08,5.85,5.95,5.95,466200
6/6/2017,5.89,6.04,5.83,5.95,5.95,514300
6/7/2017,5.93,6.13,5.87,6.12,6.12,435200
6/8/2017,6.13,6.43,6.1,6.4,6.4,590000
6/9/2017,6.41,6.64,6.28,6.41,6.41,768400
6/12/2017,6.41,6.62,6.33,6.48,6.48,524000
6/13/2017,6.46,6.55,6.39,6.49,6.49,385800
6/14/2017,6.52,6.58,6.38,6.5,6.5,507100
6/15/2017,6.41,6.63,6.38,6.46,6.46,353100
6/16/2017,6.42,6.57,6.4,6.5,6.5,1399100
6/19/2017,6.55,6.75,6.5,6.68,6.68,474900
6/20/2017,6.67,7.02,6.65,6.87,6.87,517600
6/21/2017,6.9,7.19,6.9,7.14,7.14,591600
6/22/2017,7.15,7.43,7.14,7.38,7.38,509900
6/23/2017,7.39,7.46,7.24,7.38,7.38,1639700
6/26/2017,7.43,7.59,7.34,7.54,7.54,1265100
6/27/2017,7.55,7.72,7.46,7.56,7.56,961100
6/28/2017,7.64,7.74,7.57,7.72,7.72,790000
6/29/2017,7.75,7.75,7.34,7.42,7.42,683400
6/30/2017,7.4,7.6,7.3,7.45,7.45,568300
7/3/2017,7.48,7.54,7.36,7.51,7.51,283700
7/5/2017,7.5,7.55,7.36,7.49,7.49,660600
7/6/2017,7.45,7.46,7.25,7.29,7.29,545300
7/7/2017,7.33,7.38,7.3,7.32,7.32,362000
7/10/2017,7.29,7.36,7.19,7.28,7.28,304800
7/11/2017,7.29,7.36,7.2,7.29,7.29,734200
7/12/2017,7.35,7.43,7.21,7.41,7.41,1530700
7/13/2017,7.44,7.54,7.35,7.51,7.51,1833900
7/14/2017,7.5,7.55,7.47,7.53,7.53,833100
7/17/2017,7.51,7.68,7.5,7.68,7.68,1367300
7/18/2017,7.65,7.73,7.52,7.71,7.71,741100
7/19/2017,7.75,7.87,7.6,7.86,7.86,682000
7/20/2017,7.87,8.2,7.87,8.04,8.04,1545700
7/21/2017,8.13,8.21,8.07,8.12,8.12,696700
7/24/2017,8.17,8.26,8.09,8.25,8.25,474100
7/25/2017,8.28,8.28,8.01,8.02,8.02,562300
7/26/2017,8,8.05,7.81,7.87,7.87,413500
7/27/2017,7.86,7.9,7.29,7.36,7.36,819500
7/28/2017,7.32,7.56,7.3,7.53,7.53,512100
7/31/2017,7.54,7.56,7.36,7.46,7.46,334600
8/1/2017,7.51,7.58,7.39,7.42,7.42,385500
8/2/2017,7.43,7.48,7.3,7.39,7.39,301800
8/3/2017,7.39,7.47,7.12,7.33,7.33,375300
8/4/2017,8.02,9.09,7.85,8.96,8.96,3250100
8/7/2017,8.97,9.01,8.7,8.95,8.95,1633000
8/8/2017,8.99,9.27,8.92,9.01,9.01,1021700
8/9/2017,8.97,9.22,8.94,9.15,9.15,1770100
8/10/2017,9.06,9.1,8.57,8.75,8.75,1458800
8/11/2017,8.74,9.25,8.7,9.23,9.23,1439600
8/14/2017,9.2,9.7,9.2,9.48,9.48,1568500
8/15/2017,9.55,9.56,9.37,9.38,9.38,845400
8/16/2017,9.48,9.6,9.2,9.5,9.5,745900
8/17/2017,9.46,9.6,9.39,9.45,9.45,798300
8/18/2017,9.36,9.51,9.32,9.4,9.4,1166200
8/21/2017,9.41,9.48,9.21,9.37,9.37,387000
8/22/2017,9.41,9.45,9.27,9.37,9.37,596600
8/23/2017,9.31,9.46,9.28,9.4,9.4,422000
8/24/2017,9.45,9.49,9.35,9.4,9.4,711200
8/25/2017,9.47,9.47,9.35,9.36,9.36,409100
8/28/2017,9.46,9.51,9.26,9.44,9.44,876500
8/29/2017,9.39,9.44,9.31,9.41,9.41,541100
8/30/2017,9.36,9.49,9.35,9.43,9.43,919400
8/31/2017,9.45,9.93,9.45,9.76,9.76,1124700
9/1/2017,9.79,9.96,9.62,9.88,9.88,713900
9/5/2017,9.86,10.08,9.75,9.9,9.9,682600
9/6/2017,9.93,10.01,9.86,9.95,9.95,978000
9/7/2017,9.99,10.37,9.89,10.32,10.32,767100
9/8/2017,10.32,10.77,10.3,10.62,10.62,1050400
9/11/2017,10.74,10.75,10.15,10.27,10.27,911200
9/12/2017,10.35,10.35,9.97,10.15,10.15,966900
9/13/2017,10.19,10.24,10.07,10.09,10.09,565100
9/14/2017,10.09,10.16,10.04,10.07,10.07,576400
9/15/2017,10.1,10.25,9.89,10.17,10.17,2631800
9/18/2017,10.25,10.29,10.02,10.1,10.1,1296200
9/19/2017,10.1,10.19,10.06,10.1,10.1,1146600
9/20/2017,10.09,10.16,9.93,9.94,9.94,826500
9/21/2017,9.9,9.98,9.79,9.81,9.81,4501200
9/22/2017,9.85,9.9,9.03,9.45,9.45,1947100
9/25/2017,9.57,9.93,9.55,9.84,9.84,1093100
9/26/2017,9.85,9.99,9.78,9.9,9.9,1026400
9/27/2017,9.94,11.05,9.93,10.97,10.97,2296300
9/28/2017,11.37,13.59,11.37,13.49,13.49,8040000
9/29/2017,13.48,14.09,13.05,14.07,14.07,3369600
10/2/2017,14.04,15.07,14,14.45,14.45,2901600
10/3/2017,14.3,15.05,14.03,15.05,15.05,1805500
10/4/2017,15.25,15.32,14.66,14.7,14.7,2029400
10/5/2017,14.82,14.99,14.15,14.68,14.68,2006000
10/6/2017,14.68,14.74,14.25,14.28,14.28,1164900
10/9/2017,14.22,14.51,14.09,14.24,14.24,738000
10/10/2017,14.22,14.38,13.63,14.05,14.05,2703700
10/11/2017,14.08,14.35,13.65,13.67,13.67,1284300
10/12/2017,13.66,13.99,13.19,13.59,13.59,1434000
10/13/2017,13.44,13.58,13.19,13.36,13.36,776900
10/16/2017,13.36,13.98,13.35,13.94,13.94,1289000
10/17/2017,14,14.82,13.99,14.46,14.46,1740200
10/18/2017,19.219999,21.950001,19.219999,19.67,19.67,19623600
10/19/2017,18.77,19.76,17.82,18.610001,18.610001,5863000
10/20/2017,19.049999,19.379999,18.26,19.370001,19.370001,3853700
10/23/2017,19.59,20.34,18.84,18.9,18.9,2707600
10/24/2017,19.52,19.75,19.07,19.16,19.16,1672200
10/25/2017,19.110001,19.73,18.559999,19.65,19.65,1390500
10/26/2017,19.43,19.83,19.09,19.43,19.43,1066600
10/27/2017,19.5,19.6,18.950001,19.42,19.42,946400
10/30/2017,19.67,20.440001,19.209999,19.370001,19.370001,1596500
10/31/2017,19.370001,19.940001,19.370001,19.59,19.59,1351300
11/1/2017,19.68,19.85,18.540001,19.040001,19.040001,1138600
11/2/2017,18.950001,19.5,18.76,19.23,19.23,1223500
11/3/2017,20.049999,20.1,18.639999,19.66,19.66,1469200
11/6/2017,19.440001,20.040001,19.09,19.219999,19.219999,1429400
11/7/2017,19.129999,19.379999,18.66,19,19,1011600
11/8/2017,19.01,19.190001,18.5,18.809999,18.809999,849300
11/9/2017,18.709999,19.1,18.35,18.549999,18.549999,1693300
11/10/2017,18.440001,18.73,18.18,18.33,18.33,895600
11/13/2017,18.440001,18.809999,18.07,18.639999,18.639999,1004500
11/14/2017,18.639999,18.959999,18.33,18.799999,18.799999,984500
